YIL;AY;URETIM_KAYNAGI;URETIM_MIKTARI
2021;2;Tahtalı Barajı;5818100
2021;2;Balçova Barajı;0
2021;2;Sarıkız Kuyuları;0
2021;2;Menemen - Çavuşköy Kuyuları;886348
2021;2;Halkapınar Kuyuları;2492021
2021;2;Pınarbaşı Kuyuları;58721
2021;2;Buca ve Sarnıç Kuyuları;68651
2021;2;Gördes Barajı;3292558
2021;2;Göksu Kuyuları;3877762
2021;2;Tahtalı Barajı;5818100
2021;2;Balçova Barajı;0
2021;2;Sarıkız Kuyuları;0
2021;2;Menemen - Çavuşköy Kuyuları;886348
2021;2;Halkapınar Kuyuları;2492021
2021;2;Pınarbaşı Kuyuları;58721
2021;2;Buca ve Sarnıç Kuyuları;68651
2021;2;Gördes Barajı;3292558
2021;2;Göksu Kuyuları;3877762
2021;1;Tahtalı Barajı;6779300
2021;1;Balçova Barajı;0
2021;1;Sarıkız Kuyuları;0
2021;1;Menemen - Çavuşköy Kuyuları;1060124
2021;1;Halkapınar Kuyuları;2757728
2021;1;Pınarbaşı Kuyuları;99364
2021;1;Buca ve Sarnıç Kuyuları;80976
2021;1;Gördes Barajı;3148836
2021;1;Göksu Kuyuları;4240504
2020;12;Tahtalı Barajı;7156600
2020;12;Balçova Barajı;0
2020;12;Sarıkız Kuyuları;0
2020;12;Menemen - Çavuşköy Kuyuları;1163144
2020;12;Halkapınar Kuyuları;2707920
2020;12;Pınarbaşı Kuyuları;92620
2020;12;Buca ve Sarnıç Kuyuları;82847
2020;12;Gördes Barajı;3200170
2020;12;Göksu Kuyuları;4232332
2020;11;Tahtalı Barajı;7422600
2020;11;Balçova Barajı;0
2020;11;Sarıkız Kuyuları;0
2020;11;Menemen - Çavuşköy Kuyuları;1401824
2020;11;Halkapınar Kuyuları;2661824
2020;11;Pınarbaşı Kuyuları;94664
2020;11;Buca ve Sarnıç Kuyuları;89585
2020;11;Gördes Barajı;3099946
2020;11;Göksu Kuyuları;4068228
2020;10;Tahtalı Barajı;7949100
2020;10;Balçova Barajı;0
2020;10;Sarıkız Kuyuları;0
2020;10;Menemen - Çavuşköy Kuyuları;1739512
2020;10;Halkapınar Kuyuları;2788384
2020;10;Pınarbaşı Kuyuları;101544
2020;10;Buca ve Sarnıç Kuyuları;111654
2020;10;Gördes Barajı;3248030
2020;10;Göksu Kuyuları;4170244
2020;9;Tahtalı Barajı;9239100
2020;9;Balçova Barajı;214740
2020;9;Sarıkız Kuyuları;0
2020;9;Menemen - Çavuşköy Kuyuları;1726224
2020;9;Halkapınar Kuyuları;2678240
2020;9;Pınarbaşı Kuyuları;144609
2020;9;Buca ve Sarnıç Kuyuları;126799
2020;9;Gördes Barajı;3161322
2020;9;Göksu Kuyuları;4032310
2020;8;Tahtalı Barajı;8956300
2020;8;Balçova Barajı;668280
2020;8;Sarıkız Kuyuları;0
2020;8;Menemen - Çavuşköy Kuyuları;1836914
2020;8;Halkapınar Kuyuları;2792640
2020;8;Pınarbaşı Kuyuları;160614
2020;8;Buca ve Sarnıç Kuyuları;137166
2020;8;Gördes Barajı;3282337
2020;8;Göksu Kuyuları;4366254
2020;7;Tahtalı Barajı;9786100
2020;7;Balçova Barajı;486360
2020;7;Sarıkız Kuyuları;0
2020;7;Menemen - Çavuşköy Kuyuları;1517114
2020;7;Halkapınar Kuyuları;2790624
2020;7;Pınarbaşı Kuyuları;162949
2020;7;Buca ve Sarnıç Kuyuları;126363
2020;7;Gördes Barajı;3290632
2020;7;Göksu Kuyuları;4074226
2020;6;Tahtalı Barajı;8093100
2020;6;Balçova Barajı;0
2020;6;Sarıkız Kuyuları;0
2020;6;Menemen - Çavuşköy Kuyuları;1736296
2020;6;Halkapınar Kuyuları;2653120
2020;6;Pınarbaşı Kuyuları;151963
2020;6;Buca ve Sarnıç Kuyuları;97246
2020;6;Gördes Barajı;3151623
2020;6;Göksu Kuyuları;4014475
2020;5;Tahtalı Barajı;8017900
2020;5;Balçova Barajı;0
2020;5;Sarıkız Kuyuları;0
2020;5;Menemen - Çavuşköy Kuyuları;1795964
2020;5;Halkapınar Kuyuları;2683168
2020;5;Pınarbaşı Kuyuları;160065
2020;5;Buca ve Sarnıç Kuyuları;99480
2020;5;Gördes Barajı;3257509
2020;5;Göksu Kuyuları;4202390
2020;4;Tahtalı Barajı;6964500
2020;4;Balçova Barajı;0
2020;4;Sarıkız Kuyuları;0
2020;4;Menemen - Çavuşköy Kuyuları;1737508
2020;4;Halkapınar Kuyuları;2568960
2020;4;Pınarbaşı Kuyuları;147612
2020;4;Buca ve Sarnıç Kuyuları;87736
2020;4;Gördes Barajı;3136838
2020;4;Göksu Kuyuları;4115460
2020;3;Tahtalı Barajı;7398800
2020;3;Balçova Barajı;0
2020;3;Sarıkız Kuyuları;0
2020;3;Menemen - Çavuşköy Kuyuları;1654276
2020;3;Halkapınar Kuyuları;2645664
2020;3;Pınarbaşı Kuyuları;145151
2020;3;Buca ve Sarnıç Kuyuları;82828
2020;3;Gördes Barajı;3214305
2020;3;Göksu Kuyuları;4131495
2020;2;Tahtalı Barajı;6446900
2020;2;Balçova Barajı;0
2020;2;Sarıkız Kuyuları;0
2020;2;Menemen - Çavuşköy Kuyuları;1257552
2020;2;Halkapınar Kuyuları;2446096
2020;2;Pınarbaşı Kuyuları;153088
2020;2;Buca ve Sarnıç Kuyuları;73397
2020;2;Gördes Barajı;2927069
2020;2;Göksu Kuyuları;3993731
2020;1;Tahtalı Barajı;6458300
2020;1;Balçova Barajı;0
2020;1;Sarıkız Kuyuları;0
2020;1;Menemen - Çavuşköy Kuyuları;1694668
2020;1;Halkapınar Kuyuları;2652760
2020;1;Pınarbaşı Kuyuları;164958
2020;1;Buca ve Sarnıç Kuyuları;79351
2020;1;Gördes Barajı;3159661
2020;1;Göksu Kuyuları;4267521
2019;12;Tahtalı Barajı;6435900
2019;12;Balçova Barajı;0
2019;12;Sarıkız Kuyuları;0
2019;12;Menemen - Çavuşköy Kuyuları;1732312
2019;12;Halkapınar Kuyuları;2693012
2019;12;Pınarbaşı Kuyuları;158203
2019;12;Buca ve Sarnıç Kuyuları;85124
2019;12;Gördes Barajı;3272121
2019;12;Göksu Kuyuları;4238524
2019;11;Tahtalı Barajı;6808600
2019;11;Balçova Barajı;0
2019;11;Sarıkız Kuyuları;932343
2019;11;Menemen - Çavuşköy Kuyuları;1639374
2019;11;Halkapınar Kuyuları;2688720
2019;11;Pınarbaşı Kuyuları;156021
2019;11;Buca ve Sarnıç Kuyuları;89061
2019;11;Gördes Barajı;1078097
2019;11;Göksu Kuyuları;5132160
2019;10;Tahtalı Barajı;7489400
2019;10;Balçova Barajı;389200
2019;10;Ürkmez Barajı;96821
2019;10;Sarıkız Kuyuları;1807312
2019;10;Menemen - Çavuşköy Kuyuları;1627405
2019;10;Halkapınar Kuyuları;2623468
2019;10;Pınarbaşı Kuyuları;158751
2019;10;Buca ve Sarnıç Kuyuları;99479
2019;10;Gördes Barajı;0
2019;10;Göksu Kuyuları;5559088
2019;10;Alaçatı Kutlu Aktaş Barajı;545547
2019;9;Tahtalı Barajı;7877100
2019;9;Balçova Barajı;1018170
2019;9;Ürkmez Barajı;139836
2019;9;Sarıkız Kuyuları;1787680
2019;9;Menemen - Çavuşköy Kuyuları;1632322
2019;9;Halkapınar Kuyuları;2584920
2019;9;Pınarbaşı Kuyuları;155839
2019;9;Buca ve Sarnıç Kuyuları;101050
2019;9;Gördes Barajı;0
2019;9;Göksu Kuyuları;5323920
2019;9;Alaçatı Kutlu Aktaş Barajı;434561
2019;8;Tahtalı Barajı;8738800
2019;8;Balçova Barajı;1196520
2019;8;Ürkmez Barajı;224015
2019;8;Sarıkız Kuyuları;1667872
2019;8;Menemen - Çavuşköy Kuyuları;1582589
2019;8;Halkapınar Kuyuları;3194600
2019;8;Pınarbaşı Kuyuları;165920
2019;8;Buca ve Sarnıç Kuyuları;106444
2019;8;Gördes Barajı;0
2019;8;Göksu Kuyuları;4998128
2019;8;Alaçatı Kutlu Aktaş Barajı;628125
2019;8;Tahtalı Barajı;8738800
2019;8;Balçova Barajı;1196520
2019;8;Ürkmez Barajı;224015
2019;8;Sarıkız Kuyuları;1667872
2019;8;Menemen - Çavuşköy Kuyuları;1582589
2019;8;Halkapınar Kuyuları;3194600
2019;8;Pınarbaşı Kuyuları;165920
2019;8;Buca ve Sarnıç Kuyuları;106444
2019;8;Gördes Barajı;0
2019;8;Göksu Kuyuları;4998128
2019;8;Alaçatı Kutlu Aktaş Barajı;628125
2019;7;Tahtalı Barajı;8195300
2019;7;Balçova Barajı;1261050
2019;7;Ürkmez Barajı;220279
2019;7;Sarıkız Kuyuları;1781208
2019;7;Menemen - Çavuşköy Kuyuları;1449830
2019;7;Halkapınar Kuyuları;3005240
2019;7;Pınarbaşı Kuyuları;169530
2019;7;Buca ve Sarnıç Kuyuları;93720
2019;7;Gördes Barajı;0
2019;7;Göksu Kuyuları;5666592
2019;7;Alaçatı Kutlu Aktaş Barajı;586258
2019;6;Tahtalı Barajı;7287600
2019;6;Balçova Barajı;921240
2019;6;Ürkmez Barajı;179773
2019;6;Sarıkız Kuyuları;1773912
2019;6;Menemen - Çavuşköy Kuyuları;1340992
2019;6;Halkapınar Kuyuları;3121292
2019;6;Pınarbaşı Kuyuları;157423
2019;6;Buca ve Sarnıç Kuyuları;92727
2019;6;Gördes Barajı;0
2019;6;Göksu Kuyuları;5398688
2019;6;Alaçatı Kutlu Aktaş Barajı;550453
2019;5;Tahtalı Barajı;6993500
2019;5;Balçova Barajı;677240
2019;5;Ürkmez Barajı;114431
2019;5;Sarıkız Kuyuları;2034336
2019;5;Menemen - Çavuşköy Kuyuları;1492580
2019;5;Halkapınar Kuyuları;3244600
2019;5;Pınarbaşı Kuyuları;167383
2019;5;Buca ve Sarnıç Kuyuları;93092
2019;5;Gördes Barajı;0
2019;5;Göksu Kuyuları;5466064
2019;5;Alaçatı Kutlu Aktaş Barajı;553515
2019;4;Tahtalı Barajı;5826600
2019;4;Balçova Barajı;755740
2019;4;Ürkmez Barajı;78199
2019;4;Sarıkız Kuyuları;1864684
2019;4;Menemen - Çavuşköy Kuyuları;1428225
2019;4;Halkapınar Kuyuları;2725560
2019;4;Pınarbaşı Kuyuları;147384
2019;4;Buca ve Sarnıç Kuyuları;79060
2019;4;Gördes Barajı;0
2019;4;Göksu Kuyuları;5373616
2019;4;Alaçatı Kutlu Aktaş Barajı;503984
2019;3;Tahtalı Barajı;6299600
2019;3;Balçova Barajı;145440
2019;3;Ürkmez Barajı;70345
2019;3;Sarıkız Kuyuları;2003528
2019;3;Menemen - Çavuşköy Kuyuları;1482718
2019;3;Halkapınar Kuyuları;2715748
2019;3;Pınarbaşı Kuyuları;173649
2019;3;Buca ve Sarnıç Kuyuları;66431
2019;3;Gördes Barajı;0
2019;3;Göksu Kuyuları;5417872
2019;3;Alaçatı Kutlu Aktaş Barajı;638401
2019;2;Tahtalı Barajı;5815700
2019;2;Balçova Barajı;0
2019;2;Ürkmez Barajı;60968
2019;2;Sarıkız Kuyuları;1762292
2019;2;Menemen - Çavuşköy Kuyuları;1101705
2019;2;Halkapınar Kuyuları;2489762
2019;2;Pınarbaşı Kuyuları;106657
2019;2;Buca ve Sarnıç Kuyuları;60007
2019;2;Gördes Barajı;0
2019;2;Göksu Kuyuları;4790608
2019;2;Alaçatı Kutlu Aktaş Barajı;545478
2019;1;Göksu Kuyuları;4797715
2019;1;Tahtalı Barajı;6932600
2019;1;Balçova Barajı;0
2019;1;Ürkmez Barajı;69783
2019;1;Güzelhisar Barajı;0
2019;1;Sarıkız Kuyuları;2583385
2019;1;Menemen - Çavuşköy Kuyuları;1137154
2019;1;Halkapınar Kuyuları;2312520
2019;1;Pınarbaşı Kuyuları;102221
2019;1;Buca ve Sarnıç Kuyuları;64121
2019;1;Gördes Barajı;0
2019;1;Alaçatı Kutlu Aktaş Barajı;215342
2019;1;Ödemiş İçme Suyu Arıtma Tesisleri;0
2018;12;Alaçatı Kutlu Aktaş Barajı;175120
2018;12;Ödemiş İçme Suyu Arıtma Tesisleri;275280
2018;12;Buca ve Sarnıç Kuyuları;0
2018;12;Gördes Barajı;0
2018;12;Ürkmez Barajı;70734
2018;12;Güzelhisar Barajı;140732
2018;12;Sarıkız Kuyuları;1941200
2018;12;Menemen - Çavuşköy Kuyuları;1342924
2018;12;Halkapınar Kuyuları;2727910
2018;12;Pınarbaşı Kuyuları;83704
2018;12;Göksu Kuyuları;5485800
2018;12;Tahtalı Barajı;6336700
2018;12;Balçova Barajı;99360
2018;11;Balçova Barajı;323910
2018;11;Tahtalı Barajı;6083100
2018;11;Göksu Kuyuları;5557280
2018;11;Halkapınar Kuyuları;2680740
2018;11;Menemen - Çavuşköy Kuyuları;1472149
2018;11;Sarıkız Kuyuları;1652720
2018;11;Güzelhisar Barajı;134282
2018;11;Ürkmez Barajı;73729
2018;11;Gördes Barajı;0
2018;11;Buca ve Sarnıç Kuyuları;0
2018;11;Pınarbaşı Kuyuları;94214
2018;11;Ödemiş İçme Suyu Arıtma Tesisleri;96544
2018;11;Alaçatı Kutlu Aktaş Barajı;211782
2018;10;Alaçatı Kutlu Aktaş Barajı;326456
2018;10;Ödemiş İçme Suyu Arıtma Tesisleri;73872
2018;10;Buca ve Sarnıç Kuyuları;0
2018;10;Gördes Barajı;0
2018;10;Ürkmez Barajı;90291
2018;10;Güzelhisar Barajı;136277
2018;10;Sarıkız Kuyuları;2202086
2018;10;Menemen - Çavuşköy Kuyuları;1211756
2018;10;Halkapınar Kuyuları;2705780
2018;10;Pınarbaşı Kuyuları;100011
2018;10;Tahtalı Barajı;7163200
2018;10;Balçova Barajı;435660
2018;10;Göksu Kuyuları;5190114
2018;9;Göksu Kuyuları;5220864
2018;9;Balçova Barajı;617540
2018;9;Tahtalı Barajı;8160100
2018;9;Pınarbaşı Kuyuları;118374
2018;9;Halkapınar Kuyuları;2524630
2018;9;Menemen - Çavuşköy Kuyuları;1319224
2018;9;Sarıkız Kuyuları;1971936
2018;9;Güzelhisar Barajı;130428
2018;9;Ürkmez Barajı;136580
2018;9;Gördes Barajı;0
2018;9;Buca ve Sarnıç Kuyuları;0
2018;9;Ödemiş İçme Suyu Arıtma Tesisleri;74120
2018;9;Alaçatı Kutlu Aktaş Barajı;431615
2018;8;Ödemiş İçme Suyu Arıtma Tesisleri;103862
2018;8;Buca ve Sarnıç Kuyuları;0
2018;8;Gördes Barajı;0
2018;8;Alaçatı Kutlu Aktaş Barajı;652408
2018;8;Güzelhisar Barajı;145205
2018;8;Sarıkız Kuyuları;2957080
2018;8;Menemen - Çavuşköy Kuyuları;1437992
2018;8;Halkapınar Kuyuları;2695770
2018;8;Pınarbaşı Kuyuları;139289
2018;8;Tahtalı Barajı;8359800
2018;8;Balçova Barajı;1071240
2018;8;Ürkmez Barajı;223649
2018;8;Göksu Kuyuları;4435620
2018;7;Göksu Kuyuları;4796805
2018;7;Ürkmez Barajı;216891
2018;7;Balçova Barajı;974000
2018;7;Tahtalı Barajı;8540400
2018;7;Pınarbaşı Kuyuları;141700
2018;7;Halkapınar Kuyuları;2646420
2018;7;Menemen - Çavuşköy Kuyuları;1302048
2018;7;Sarıkız Kuyuları;2582895
2018;7;Güzelhisar Barajı;122385
2018;7;Alaçatı Kutlu Aktaş Barajı;620177
2018;7;Gördes Barajı;0
2018;7;Buca ve Sarnıç Kuyuları;0
2018;7;Ödemiş İçme Suyu Arıtma Tesisleri;116594
2018;6;Ödemiş İçme Suyu Arıtma Tesisleri;178584
2018;6;Buca ve Sarnıç Kuyuları;0
2018;6;Gördes Barajı;0
2018;6;Alaçatı Kutlu Aktaş Barajı;418610
2018;6;Güzelhisar Barajı;143483
2018;6;Sarıkız Kuyuları;2050000
2018;6;Menemen - Çavuşköy Kuyuları;1305568
2018;6;Halkapınar Kuyuları;2527470
2018;6;Pınarbaşı Kuyuları;120784
2018;6;Tahtalı Barajı;8534600
2018;6;Balçova Barajı;466340
2018;6;Ürkmez Barajı;144856
2018;6;Göksu Kuyuları;4598700
2018;5;Göksu Kuyuları;5005000
2018;5;Ürkmez Barajı;104932
2018;5;Balçova Barajı;345420
2018;5;Tahtalı Barajı;8373500
2018;5;Pınarbaşı Kuyuları;120322
2018;5;Halkapınar Kuyuları;2600130
2018;5;Menemen - Çavuşköy Kuyuları;1406192
2018;5;Sarıkız Kuyuları;2201000
2018;5;Güzelhisar Barajı;127386
2018;5;Alaçatı Kutlu Aktaş Barajı;609206
2018;5;Gördes Barajı;0
2018;5;Buca ve Sarnıç Kuyuları;0
2018;5;Ödemiş İçme Suyu Arıtma Tesisleri;334848
2018;4;Ödemiş İçme Suyu Arıtma Tesisleri;447144
2018;4;Buca ve Sarnıç Kuyuları;0
2018;4;Gördes Barajı;0
2018;4;Alaçatı Kutlu Aktaş Barajı;532829
2018;4;Güzelhisar Barajı;131436
2018;4;Sarıkız Kuyuları;2200600
2018;4;Menemen - Çavuşköy Kuyuları;1211664
2018;4;Halkapınar Kuyuları;2515150
2018;4;Pınarbaşı Kuyuları;121788
2018;4;Tahtalı Barajı;7591000
2018;4;Balçova Barajı;63120
2018;4;Ürkmez Barajı;79044
2018;4;Göksu Kuyuları;5027000
2018;3;Göksu Kuyuları;5280500
2018;3;Ürkmez Barajı;74399
2018;3;Balçova Barajı;0
2018;3;Tahtalı Barajı;7352500
2018;3;Pınarbaşı Kuyuları;127336
2018;3;Halkapınar Kuyuları;2561120
2018;3;Menemen - Çavuşköy Kuyuları;995920
2018;3;Sarıkız Kuyuları;2101000
2018;3;Güzelhisar Barajı;147647
2018;3;Alaçatı Kutlu Aktaş Barajı;439171
2018;3;Gördes Barajı;0
2018;3;Buca ve Sarnıç Kuyuları;0
2018;3;Ödemiş İçme Suyu Arıtma Tesisleri;410876
2018;2;Ödemiş İçme Suyu Arıtma Tesisleri;353348
2018;2;Buca ve Sarnıç Kuyuları;0
2018;2;Gördes Barajı;0
2018;2;Alaçatı Kutlu Aktaş Barajı;292637
2018;2;Güzelhisar Barajı;148032
2018;2;Sarıkız Kuyuları;1891000
2018;2;Menemen - Çavuşköy Kuyuları;930056
2018;2;Halkapınar Kuyuları;2296640
2018;2;Pınarbaşı Kuyuları;122762
2018;2;Tahtalı Barajı;6653800
2018;2;Balçova Barajı;0
2018;2;Ürkmez Barajı;63298
2018;2;Göksu Kuyuları;4720000
2018;1;Göksu Kuyuları;5200000
2018;1;Tahtalı Barajı;7329295
2018;1;Ürkmez Barajı;73211
2018;1;Balçova Barajı;0
2018;1;Pınarbaşı Kuyuları;133573
2018;1;Buca ve Sarnıç Kuyuları;0
2018;1;Halkapınar Kuyuları;2602462
2018;1;Menemen - Çavuşköy Kuyuları;879592
2018;1;Güzelhisar Barajı;185524
2018;1;Sarıkız Kuyuları;2155600
2018;1;Alaçatı Kutlu Aktaş Barajı;283907
2018;1;Gördes Barajı;0
2018;1;Ödemiş İçme Suyu Arıtma Tesisleri;375044
2017;12;Ödemiş İçme Suyu Arıtma Tesisleri;161778
2017;12;Alaçatı Kutlu Aktaş Barajı;267322
2017;12;Menemen - Çavuşköy Kuyuları;814510
2017;12;Halkapınar Kuyuları;2624304
2017;12;Pınarbaşı Kuyuları;115813
2017;12;Buca ve Sarnıç Kuyuları;0
2017;12;Gördes Barajı;0
2017;12;Göksu Kuyuları;5300700
2017;12;Tahtalı Barajı;7420300
2017;12;Balçova Barajı;0
2017;12;Ürkmez Barajı;55164
2017;12;Güzelhisar Barajı;43323
2017;12;Sarıkız Kuyuları;2121000
2017;11;Güzelhisar Barajı;157792
2017;11;Ürkmez Barajı;55509
2017;11;Balçova Barajı;0
2017;11;Tahtalı Barajı;7124200
2017;11;Göksu Kuyuları;5004000
2017;11;Gördes Barajı;0
2017;11;Buca ve Sarnıç Kuyuları;0
2017;11;Pınarbaşı Kuyuları;129739
2017;11;Halkapınar Kuyuları;2530152
2017;11;Menemen - Çavuşköy Kuyuları;1141994
2017;11;Sarıkız Kuyuları;2100500
2017;11;Alaçatı Kutlu Aktaş Barajı;346710
2017;11;Ödemiş İçme Suyu Arıtma Tesisleri;87084
2017;10;Ödemiş İçme Suyu Arıtma Tesisleri;76752
2017;10;Alaçatı Kutlu Aktaş Barajı;400542
2017;10;Menemen - Çavuşköy Kuyuları;1442260
2017;10;Halkapınar Kuyuları;2541888
2017;10;Pınarbaşı Kuyuları;141315
2017;10;Buca ve Sarnıç Kuyuları;0
2017;10;Gördes Barajı;0
2017;10;Göksu Kuyuları;5129885
2017;10;Tahtalı Barajı;7847900
2017;10;Balçova Barajı;215320
2017;10;Ürkmez Barajı;79315
2017;10;Güzelhisar Barajı;172666
2017;10;Sarıkız Kuyuları;2127516
2017;9;Sarıkız Kuyuları;3325060
2017;9;Güzelhisar Barajı;171134
2017;9;Ürkmez Barajı;79315
2017;9;Balçova Barajı;672744
2017;9;Tahtalı Barajı;7983100
2017;9;Göksu Kuyuları;3692928
2017;9;Gördes Barajı;0
2017;9;Buca ve Sarnıç Kuyuları;0
2017;9;Pınarbaşı Kuyuları;148171
2017;9;Halkapınar Kuyuları;2610464
2017;9;Menemen - Çavuşköy Kuyuları;1412788
2017;9;Alaçatı Kutlu Aktaş Barajı;496237
2017;9;Ödemiş İçme Suyu Arıtma Tesisleri;77489
2017;8;Alaçatı Kutlu Aktaş Barajı;637268
2017;8;Ödemiş İçme Suyu Arıtma Tesisleri;90984
2017;8;Menemen - Çavuşköy Kuyuları;1554012
2017;8;Halkapınar Kuyuları;2588224
2017;8;Pınarbaşı Kuyuları;155533
2017;8;Buca ve Sarnıç Kuyuları;0
2017;8;Gördes Barajı;0
2017;8;Tahtalı Barajı;8707400
2017;8;Balçova Barajı;1346280
2017;8;Ürkmez Barajı;187385
2017;8;Güzelhisar Barajı;180610
2017;8;Sarıkız Kuyuları;3475424
2017;8;Göksu Kuyuları;3862976
2017;7;Göksu Kuyuları;3898408
2017;7;Sarıkız Kuyuları;3263692
2017;7;Güzelhisar Barajı;183623
2017;7;Ürkmez Barajı;203050
2017;7;Balçova Barajı;1248859
2017;7;Tahtalı Barajı;8265300
2017;7;Gördes Barajı;0
2017;7;Buca ve Sarnıç Kuyuları;0
2017;7;Pınarbaşı Kuyuları;159934
2017;7;Halkapınar Kuyuları;2525760
2017;7;Menemen - Çavuşköy Kuyuları;1576848
2017;7;Ödemiş İçme Suyu Arıtma Tesisleri;89763
2017;7;Alaçatı Kutlu Aktaş Barajı;651143
2017;6;Alaçatı Kutlu Aktaş Barajı;539353
2017;6;Ödemiş İçme Suyu Arıtma Tesisleri;142301
2017;6;Menemen - Çavuşköy Kuyuları;1334506
2017;6;Halkapınar Kuyuları;2509128
2017;6;Pınarbaşı Kuyuları;131212
2017;6;Buca ve Sarnıç Kuyuları;0
2017;6;Gördes Barajı;0
2017;6;Tahtalı Barajı;7395000
2017;6;Balçova Barajı;1074100
2017;6;Ürkmez Barajı;140622
2017;6;Güzelhisar Barajı;176417
2017;6;Sarıkız Kuyuları;2001920
2017;6;Göksu Kuyuları;4979280
2017;5;Göksu Kuyuları;4893064
2017;5;Sarıkız Kuyuları;2066256
2017;5;Güzelhisar Barajı;177954
2017;5;Ürkmez Barajı;98800
2017;5;Balçova Barajı;718081
2017;5;Tahtalı Barajı;6761200
2017;5;Gördes Barajı;0
2017;5;Buca ve Sarnıç Kuyuları;0
2017;5;Pınarbaşı Kuyuları;144136
2017;5;Halkapınar Kuyuları;2784008
2017;5;Menemen - Çavuşköy Kuyuları;1505314
2017;5;Ödemiş İçme Suyu Arıtma Tesisleri;300527
2017;5;Alaçatı Kutlu Aktaş Barajı;469836
2017;4;Ödemiş İçme Suyu Arıtma Tesisleri;375524
2017;4;Menemen - Çavuşköy Kuyuları;1268154
2017;4;Halkapınar Kuyuları;2568784
2017;4;Pınarbaşı Kuyuları;131436
2017;4;Buca ve Sarnıç Kuyuları;0
2017;4;Gördes Barajı;0
2017;4;Alaçatı Kutlu Aktaş Barajı;382047
2017;4;Tahtalı Barajı;7063100
2017;4;Balçova Barajı;0
2017;4;Ürkmez Barajı;68094
2017;4;Güzelhisar Barajı;175456
2017;4;Sarıkız Kuyuları;1967404
2017;4;Göksu Kuyuları;4403792
2017;3;Göksu Kuyuları;4158752
2017;3;Sarıkız Kuyuları;2034248
2017;3;Güzelhisar Barajı;180431
2017;3;Ürkmez Barajı;52855
2017;3;Balçova Barajı;0
2017;3;Tahtalı Barajı;7451000
2017;3;Alaçatı Kutlu Aktaş Barajı;322238
2017;3;Gördes Barajı;0
2017;3;Buca ve Sarnıç Kuyuları;0
2017;3;Pınarbaşı Kuyuları;128606
2017;3;Halkapınar Kuyuları;2289600
2017;3;Menemen - Çavuşköy Kuyuları;1319860
2017;3;Ödemiş İçme Suyu Arıtma Tesisleri;424954
2017;2;Ödemiş İçme Suyu Arıtma Tesisleri;387831
2017;2;Menemen - Çavuşköy Kuyuları;1239006
2017;2;Halkapınar Kuyuları;2052480
2017;2;Pınarbaşı Kuyuları;116705
2017;2;Buca ve Sarnıç Kuyuları;0
2017;2;Gördes Barajı;0
2017;2;Alaçatı Kutlu Aktaş Barajı;258524
2017;2;Tahtalı Barajı;6746300
2017;2;Balçova Barajı;0
2017;2;Ürkmez Barajı;46814
2017;2;Güzelhisar Barajı;163076
2017;2;Sarıkız Kuyuları;1797068
2017;2;Göksu Kuyuları;3762928
2017;1;Göksu Kuyuları;3195336
2017;1;Sarıkız Kuyuları;3035164
2017;1;Menemen - Çavuşköy Kuyuları;1449736
2017;1;Güzelhisar Barajı;180411
2017;1;Ürkmez Barajı;50621
2017;1;Tahtalı Barajı;6927500
2017;1;Balçova Barajı;0
2017;1;Alaçatı Kutlu Aktaş Barajı;286751
2017;1;Buca ve Sarnıç Kuyuları;0
2017;1;Gördes Barajı;0
2017;1;Pınarbaşı Kuyuları;132483
2017;1;Halkapınar Kuyuları;2867392
2017;1;Ödemiş İçme Suyu Arıtma Tesisleri;328530
2016;12;Ödemiş İçme Suyu Arıtma Tesisleri;100384
2016;12;Alaçatı Kutlu Aktaş Barajı;258560
2016;12;Pınarbaşı Kuyuları;121578
2016;12;Buca ve Sarnıç Kuyuları;0
2016;12;Gördes Barajı;0
2016;12;Göksu Kuyuları;2593496
2016;12;Tahtalı Barajı;6930300
2016;12;Balçova Barajı;0
2016;12;Ürkmez Barajı;51338
2016;12;Güzelhisar Barajı;179564
2016;12;Sarıkız Kuyuları;3538504
2016;12;Menemen - Çavuşköy Kuyuları;1451156
2016;12;Halkapınar Kuyuları;2850304
2016;11;Halkapınar Kuyuları;2639112
2016;11;Menemen - Çavuşköy Kuyuları;1211828
2016;11;Sarıkız Kuyuları;3505556
2016;11;Güzelhisar Barajı;179034
2016;11;Ürkmez Barajı;60115
2016;11;Balçova Barajı;0
2016;11;Tahtalı Barajı;6973700
2016;11;Göksu Kuyuları;2756944
2016;11;Buca ve Sarnıç Kuyuları;0
2016;11;Pınarbaşı Kuyuları;120445
2016;11;Alaçatı Kutlu Aktaş Barajı;269290
2016;11;Gördes Barajı;0
2016;11;Ödemiş İçme Suyu Arıtma Tesisleri;77499
2016;10;Ödemiş İçme Suyu Arıtma Tesisleri;0
2016;10;Alaçatı Kutlu Aktaş Barajı;317879
2016;10;Pınarbaşı Kuyuları;130049
2016;10;Buca ve Sarnıç Kuyuları;0
2016;10;Gördes Barajı;0
2016;10;Göksu Kuyuları;3126712
2016;10;Tahtalı Barajı;7307200
2016;10;Balçova Barajı;477960
2016;10;Ürkmez Barajı;88573
2016;10;Güzelhisar Barajı;187810
2016;10;Sarıkız Kuyuları;3671788
2016;10;Menemen - Çavuşköy Kuyuları;1350191
2016;10;Halkapınar Kuyuları;2765120
2016;9;Halkapınar Kuyuları;2670400
2016;9;Menemen - Çavuşköy Kuyuları;1221352
2016;9;Sarıkız Kuyuları;3384032
2016;9;Güzelhisar Barajı;182589
2016;9;Ürkmez Barajı;151274
2016;9;Balçova Barajı;940950
2016;9;Tahtalı Barajı;7187900
2016;9;Göksu Kuyuları;3443968
2016;9;Gördes Barajı;0
2016;9;Buca ve Sarnıç Kuyuları;0
2016;9;Pınarbaşı Kuyuları;127844
2016;9;Alaçatı Kutlu Aktaş Barajı;455599
2016;9;Ödemiş İçme Suyu Arıtma Tesisleri;0
2016;8;Ödemiş İçme Suyu Arıtma Tesisleri;0
2016;8;Alaçatı Kutlu Aktaş Barajı;653932
2016;8;Pınarbaşı Kuyuları;141413
2016;8;Buca ve Sarnıç Kuyuları;0
2016;8;Gördes Barajı;0
2016;8;Göksu Kuyuları;3853624
2016;8;Tahtalı Barajı;8664600
2016;8;Balçova Barajı;890434
2016;8;Ürkmez Barajı;210529
2016;8;Güzelhisar Barajı;194726
2016;8;Sarıkız Kuyuları;2963176
2016;8;Menemen - Çavuşköy Kuyuları;1402240
2016;8;Halkapınar Kuyuları;2480640
2016;7;Halkapınar Kuyuları;2329840
2016;7;Menemen - Çavuşköy Kuyuları;1237720
2016;7;Sarıkız Kuyuları;3721256
2016;7;Güzelhisar Barajı;195856
2016;7;Ürkmez Barajı;223328
2016;7;Balçova Barajı;921284
2016;7;Tahtalı Barajı;8621800
2016;7;Göksu Kuyuları;3152944
2016;7;Gördes Barajı;0
2016;7;Buca ve Sarnıç Kuyuları;0
2016;7;Pınarbaşı Kuyuları;138197
2016;7;Alaçatı Kutlu Aktaş Barajı;650685
2016;7;Ödemiş İçme Suyu Arıtma Tesisleri;12661
2016;6;Ödemiş İçme Suyu Arıtma Tesisleri;74346
2016;6;Alaçatı Kutlu Aktaş Barajı;604962
2016;6;Pınarbaşı Kuyuları;134245
2016;6;Buca ve Sarnıç Kuyuları;0
2016;6;Gördes Barajı;0
2016;6;Göksu Kuyuları;2978816
2016;6;Tahtalı Barajı;8342100
2016;6;Balçova Barajı;1006110
2016;6;Ürkmez Barajı;168188
2016;6;Güzelhisar Barajı;171608
2016;6;Sarıkız Kuyuları;3393164
2016;6;Menemen - Çavuşköy Kuyuları;1306995
2016;6;Halkapınar Kuyuları;2460680
2016;5;Halkapınar Kuyuları;2189160
2016;5;Menemen - Çavuşköy Kuyuları;1339357
2016;5;Sarıkız Kuyuları;3672800
2016;5;Güzelhisar Barajı;172320
2016;5;Ürkmez Barajı;142305
2016;5;Balçova Barajı;339246
2016;5;Tahtalı Barajı;7852700
2016;5;Göksu Kuyuları;2433700
2016;5;Gördes Barajı;0
2016;5;Buca ve Sarnıç Kuyuları;0
2016;5;Pınarbaşı Kuyuları;132096
2016;5;Alaçatı Kutlu Aktaş Barajı;519686
2016;5;Ödemiş İçme Suyu Arıtma Tesisleri;297722
2016;4;Alaçatı Kutlu Aktaş Barajı;443059
2016;4;Ödemiş İçme Suyu Arıtma Tesisleri;418308
2016;4;Buca ve Sarnıç Kuyuları;0
2016;4;Gördes Barajı;0
2016;4;Tahtalı Barajı;7701200
2016;4;Balçova Barajı;252538
2016;4;Göksu Kuyuları;2006088
2016;4;Ürkmez Barajı;128836
2016;4;Güzelhisar Barajı;176015
2016;4;Sarıkız Kuyuları;3478412
2016;4;Menemen - Çavuşköy Kuyuları;1105573
2016;4;Halkapınar Kuyuları;2391480
2016;4;Pınarbaşı Kuyuları;120030
2016;3;Pınarbaşı Kuyuları;110752
2016;3;Halkapınar Kuyuları;2673573
2016;3;Menemen - Çavuşköy Kuyuları;1140340
2016;3;Sarıkız Kuyuları;3356253
2016;3;Güzelhisar Barajı;180178
2016;3;Ürkmez Barajı;121625
2016;3;Göksu Kuyuları;1899747
2016;3;Balçova Barajı;0
2016;3;Tahtalı Barajı;7572900
2016;3;Gördes Barajı;0
2016;3;Buca ve Sarnıç Kuyuları;0
2016;3;Ödemiş İçme Suyu Arıtma Tesisleri;245960
2016;3;Alaçatı Kutlu Aktaş Barajı;452003
2016;2;Alaçatı Kutlu Aktaş Barajı;424427
2016;2;Ödemiş İçme Suyu Arıtma Tesisleri;92593
2016;2;Buca ve Sarnıç Kuyuları;0
2016;2;Gördes Barajı;0
2016;2;Tahtalı Barajı;6563100
2016;2;Balçova Barajı;24000
2016;2;Göksu Kuyuları;5321000
2016;2;Ürkmez Barajı;135645
2016;2;Güzelhisar Barajı;168602
2016;2;Sarıkız Kuyuları;0
2016;2;Menemen - Çavuşköy Kuyuları;1185061
2016;2;Halkapınar Kuyuları;2490360
2016;2;Pınarbaşı Kuyuları;104862
2016;1;Pınarbaşı Kuyuları;113775
2016;1;Menemen - Çavuşköy Kuyuları;1062601
2016;1;Halkapınar Kuyuları;2599800
2016;1;Sarıkız Kuyuları;0
2016;1;Güzelhisar Barajı;180270
2016;1;Göksu Kuyuları;5448000
2016;1;Balçova Barajı;0
2016;1;Ürkmez Barajı;134545
2016;1;Tahtalı Barajı;7651100
2016;1;Gördes Barajı;0
2016;1;Alaçatı Kutlu Aktaş Barajı;451877
2016;1;Buca ve Sarnıç Kuyuları;0
2016;1;Ödemiş İçme Suyu Arıtma Tesisleri;199718
2015;12;Ödemiş İçme Suyu Arıtma Tesisleri;141917
2015;12;Gördes Barajı;0
2015;12;Alaçatı Kutlu Aktaş Barajı;466411
2015;12;Göksu Kuyuları;5472500
2015;12;Tahtalı Barajı;7690700
2015;12;Balçova Barajı;0
2015;12;Ürkmez Barajı;142479
2015;12;Güzelhisar Barajı;174220
2015;12;Sarıkız Kuyuları;0
2015;12;Menemen - Çavuşköy Kuyuları;1031572
2015;12;Halkapınar Kuyuları;2459176
2015;12;Pınarbaşı Kuyuları;113510
2015;12;Buca ve Sarnıç Kuyuları;0
2015;11;Buca ve Sarnıç Kuyuları;0
2015;11;Pınarbaşı Kuyuları;107347
2015;11;Halkapınar Kuyuları;2315100
2015;11;Menemen - Çavuşköy Kuyuları;1326621
2015;11;Sarıkız Kuyuları;66052
2015;11;Güzelhisar Barajı;172245
2015;11;Ürkmez Barajı;134363
2015;11;Balçova Barajı;3420
2015;11;Tahtalı Barajı;7367200
2015;11;Göksu Kuyuları;5309148
2015;11;Gördes Barajı;0
2015;11;Ödemiş İçme Suyu Arıtma Tesisleri;91915
2015;11;Alaçatı Kutlu Aktaş Barajı;479962
2015;10;Ödemiş İçme Suyu Arıtma Tesisleri;14400
2015;10;Gördes Barajı;0
2015;10;Alaçatı Kutlu Aktaş Barajı;530912
2015;10;Göksu Kuyuları;2953736
2015;10;Tahtalı Barajı;8255700
2015;10;Balçova Barajı;170420
2015;10;Ürkmez Barajı;167413
2015;10;Güzelhisar Barajı;179055
2015;10;Sarıkız Kuyuları;1847264
2015;10;Menemen - Çavuşköy Kuyuları;1530895
2015;10;Halkapınar Kuyuları;2675080
2015;10;Pınarbaşı Kuyuları;116161
2015;10;Buca ve Sarnıç Kuyuları;0
2015;9;Buca ve Sarnıç Kuyuları;0
2015;9;Pınarbaşı Kuyuları;115369
2015;9;Halkapınar Kuyuları;2416010
2015;9;Menemen - Çavuşköy Kuyuları;1384940
2015;9;Sarıkız Kuyuları;3318716
2015;9;Güzelhisar Barajı;164190
2015;9;Ürkmez Barajı;211871
2015;9;Balçova Barajı;947999
2015;9;Tahtalı Barajı;6689500
2015;9;Göksu Kuyuları;3510384
2015;9;Alaçatı Kutlu Aktaş Barajı;493242
2015;9;Gördes Barajı;0
2015;9;Ödemiş İçme Suyu Arıtma Tesisleri;0
2015;8;Ödemiş İçme Suyu Arıtma Tesisleri;0
2015;8;Alaçatı Kutlu Aktaş Barajı;624683
2015;8;Göksu Kuyuları;3479536
2015;8;Tahtalı Barajı;6920400
2015;8;Balçova Barajı;1291043
2015;8;Ürkmez Barajı;254754
2015;8;Güzelhisar Barajı;165580
2015;8;Sarıkız Kuyuları;3540264
2015;8;Menemen - Çavuşköy Kuyuları;1443195
2015;8;Halkapınar Kuyuları;2418660
2015;8;Pınarbaşı Kuyuları;116616
2015;8;Buca ve Sarnıç Kuyuları;0
2015;8;Gördes Barajı;0
2015;7;Gördes Barajı;0
2015;7;Buca ve Sarnıç Kuyuları;0
2015;7;Pınarbaşı Kuyuları;121932
2015;7;Halkapınar Kuyuları;2386110
2015;7;Menemen - Çavuşköy Kuyuları;1400153
2015;7;Sarıkız Kuyuları;3533644
2015;7;Güzelhisar Barajı;159610
2015;7;Ürkmez Barajı;251718
2015;7;Balçova Barajı;1500319
2015;7;Tahtalı Barajı;6614200
2015;7;Göksu Kuyuları;3476856
2015;7;Alaçatı Kutlu Aktaş Barajı;656384
2015;7;Ödemiş İçme Suyu Arıtma Tesisleri;62925
2015;6;Ödemiş İçme Suyu Arıtma Tesisleri;227413
2015;6;Alaçatı Kutlu Aktaş Barajı;566835
2015;6;Göksu Kuyuları;3330788
2015;6;Tahtalı Barajı;5800000
2015;6;Balçova Barajı;1109880
2015;6;Ürkmez Barajı;202509
2015;6;Güzelhisar Barajı;157530
2015;6;Sarıkız Kuyuları;1062132
2015;6;Menemen - Çavuşköy Kuyuları;1369015
2015;6;Halkapınar Kuyuları;2395440
2015;6;Pınarbaşı Kuyuları;112211
2015;6;Buca ve Sarnıç Kuyuları;0
2015;6;Gördes Barajı;2218245
2015;5;Gördes Barajı;1745812
2015;5;Buca ve Sarnıç Kuyuları;0
2015;5;Pınarbaşı Kuyuları;111507
2015;5;Halkapınar Kuyuları;2637490
2015;5;Menemen - Çavuşköy Kuyuları;1348714
2015;5;Sarıkız Kuyuları;0
2015;5;Güzelhisar Barajı;157430
2015;5;Ürkmez Barajı;159719
2015;5;Balçova Barajı;1408188
2015;5;Tahtalı Barajı;6572500
2015;5;Göksu Kuyuları;3900635
2015;5;Alaçatı Kutlu Aktaş Barajı;576997
2015;5;Ödemiş İçme Suyu Arıtma Tesisleri;384845
2015;4;Ödemiş İçme Suyu Arıtma Tesisleri;424272
2015;4;Alaçatı Kutlu Aktaş Barajı;488948
2015;4;Göksu Kuyuları;4214364
2015;4;Tahtalı Barajı;4835200
2015;4;Balçova Barajı;1109189
2015;4;Ürkmez Barajı;139155
2015;4;Güzelhisar Barajı;138260
2015;4;Sarıkız Kuyuları;0
2015;4;Menemen - Çavuşköy Kuyuları;713010
2015;4;Halkapınar Kuyuları;2441520
2015;4;Pınarbaşı Kuyuları;110258
2015;4;Buca ve Sarnıç Kuyuları;0
2015;4;Gördes Barajı;2237636
2015;3;Gördes Barajı;2309554
2015;3;Buca ve Sarnıç Kuyuları;0
2015;3;Pınarbaşı Kuyuları;113200
2015;3;Halkapınar Kuyuları;2560290
2015;3;Menemen - Çavuşköy Kuyuları;927510
2015;3;Sarıkız Kuyuları;0
2015;3;Güzelhisar Barajı;143060
2015;3;Ürkmez Barajı;128242
2015;3;Balçova Barajı;1319485
2015;3;Tahtalı Barajı;5013800
2015;3;Göksu Kuyuları;3621935
2015;3;Alaçatı Kutlu Aktaş Barajı;465963
2015;3;Ödemiş İçme Suyu Arıtma Tesisleri;419977
2015;2;Ödemiş İçme Suyu Arıtma Tesisleri;359919
2015;2;Alaçatı Kutlu Aktaş Barajı;267771
2015;2;Göksu Kuyuları;4105950
2015;2;Tahtalı Barajı;4473700
2015;2;Balçova Barajı;190386
2015;2;Ürkmez Barajı;115558
2015;2;Güzelhisar Barajı;130128
2015;2;Sarıkız Kuyuları;0
2015;2;Menemen - Çavuşköy Kuyuları;931100
2015;2;Halkapınar Kuyuları;2266050
2015;2;Pınarbaşı Kuyuları;100982
2015;2;Buca ve Sarnıç Kuyuları;0
2015;2;Gördes Barajı;2256120
2015;1;Gördes Barajı;2460750
2015;1;Buca ve Sarnıç Kuyuları;0
2015;1;Halkapınar Kuyuları;2462880
2015;1;Pınarbaşı Kuyuları;109134
2015;1;Menemen - Çavuşköy Kuyuları;1240618
2015;1;Sarıkız Kuyuları;0
2015;1;Ürkmez Barajı;138918
2015;1;Güzelhisar Barajı;123822
2015;1;Balçova Barajı;0
2015;1;Tahtalı Barajı;5029000
2015;1;Göksu Kuyuları;4750750
2015;1;Alaçatı Kutlu Aktaş Barajı;171532
2015;1;Ödemiş İçme Suyu Arıtma Tesisleri;403906
2014;12;Göksu Kuyuları;4840061
2014;12;Tahtalı Barajı;4793800
2014;12;Balçova Barajı;0
2014;12;Ürkmez Barajı;124276
2014;12;Güzelhisar Barajı;134120
2014;12;Sarıkız Kuyuları;0
2014;12;Menemen - Çavuşköy Kuyuları;1246243
2014;12;Halkapınar Kuyuları;2403120
2014;12;Pınarbaşı Kuyuları;109633
2014;12;Buca ve Sarnıç Kuyuları;0
2014;12;Gördes Barajı;2417540
2014;12;Alaçatı Kutlu Aktaş Barajı;138536
2014;11;Alaçatı Kutlu Aktaş Barajı;141083
2014;11;Gördes Barajı;2326596
2014;11;Buca ve Sarnıç Kuyuları;0
2014;11;Pınarbaşı Kuyuları;107940
2014;11;Halkapınar Kuyuları;2322810
2014;11;Menemen - Çavuşköy Kuyuları;1220901
2014;11;Sarıkız Kuyuları;0
2014;11;Güzelhisar Barajı;108301
2014;11;Ürkmez Barajı;134839
2014;11;Balçova Barajı;0
2014;11;Tahtalı Barajı;4629200
2014;11;Göksu Kuyuları;4760404
2014;10;Göksu Kuyuları;4893723
2014;10;Tahtalı Barajı;5114800
2014;10;Balçova Barajı;191328
2014;10;Ürkmez Barajı;179116
2014;10;Güzelhisar Barajı;112349
2014;10;Sarıkız Kuyuları;0
2014;10;Menemen - Çavuşköy Kuyuları;1313362
2014;10;Halkapınar Kuyuları;2348250
2014;10;Pınarbaşı Kuyuları;112359
2014;10;Buca ve Sarnıç Kuyuları;0
2014;10;Gördes Barajı;2418279
2014;10;Alaçatı Kutlu Aktaş Barajı;275939
2014;9;Alaçatı Kutlu Aktaş Barajı;337612
2014;9;Gördes Barajı;2337314
2014;9;Buca ve Sarnıç Kuyuları;0
2014;9;Pınarbaşı Kuyuları;112021
2014;9;Halkapınar Kuyuları;2323890
2014;9;Menemen - Çavuşköy Kuyuları;1334389
2014;9;Sarıkız Kuyuları;0
2014;9;Güzelhisar Barajı;137505
2014;9;Ürkmez Barajı;184946
2014;9;Balçova Barajı;729888
2014;9;Tahtalı Barajı;5370100
2014;9;Göksu Kuyuları;4586896
2014;8;Göksu Kuyuları;3161174
2014;8;Tahtalı Barajı;7353300
2014;8;Balçova Barajı;1064743
2014;8;Ürkmez Barajı;254269
2014;8;Güzelhisar Barajı;143575
2014;8;Sarıkız Kuyuları;0
2014;8;Menemen - Çavuşköy Kuyuları;1373063
2014;8;Halkapınar Kuyuları;2391560
2014;8;Pınarbaşı Kuyuları;123517
2014;8;Buca ve Sarnıç Kuyuları;0
2014;8;Gördes Barajı;2404726
2014;8;Alaçatı Kutlu Aktaş Barajı;527032
2014;7;Alaçatı Kutlu Aktaş Barajı;490925
2014;7;Gördes Barajı;2390835
2014;7;Buca ve Sarnıç Kuyuları;0
2014;7;Pınarbaşı Kuyuları;118983
2014;7;Halkapınar Kuyuları;2393190
2014;7;Menemen - Çavuşköy Kuyuları;1306200
2014;7;Sarıkız Kuyuları;0
2014;7;Güzelhisar Barajı;120830
2014;7;Ürkmez Barajı;240983
2014;7;Balçova Barajı;894731
2014;7;Tahtalı Barajı;7487700
2014;7;Göksu Kuyuları;3246854
2014;6;Göksu Kuyuları;3178803
2014;6;Tahtalı Barajı;6419400
2014;6;Balçova Barajı;751856
2014;6;Ürkmez Barajı;206311
2014;6;Güzelhisar Barajı;154355
2014;6;Sarıkız Kuyuları;0
2014;6;Menemen - Çavuşköy Kuyuları;1341600
2014;6;Halkapınar Kuyuları;2320919
2014;6;Pınarbaşı Kuyuları;117611
2014;6;Buca ve Sarnıç Kuyuları;0
2014;6;Gördes Barajı;2324028
2014;6;Alaçatı Kutlu Aktaş Barajı;450311
2014;5;Alaçatı Kutlu Aktaş Barajı;441321
2014;5;Gördes Barajı;2401617
2014;5;Buca ve Sarnıç Kuyuları;0
2014;5;Pınarbaşı Kuyuları;145402
2014;5;Halkapınar Kuyuları;2491319
2014;5;Menemen - Çavuşköy Kuyuları;1350600
2014;5;Sarıkız Kuyuları;0
2014;5;Güzelhisar Barajı;159165
2014;5;Ürkmez Barajı;150122
2014;5;Balçova Barajı;448293
2014;5;Tahtalı Barajı;6260200
2014;5;Göksu Kuyuları;3142161
2014;4;Göksu Kuyuları;3031588
2014;4;Tahtalı Barajı;5545300
2014;4;Balçova Barajı;0
2014;4;Ürkmez Barajı;123374
2014;4;Güzelhisar Barajı;156399
2014;4;Sarıkız Kuyuları;0
2014;4;Menemen - Çavuşköy Kuyuları;1336500
2014;4;Halkapınar Kuyuları;2468930
2014;4;Pınarbaşı Kuyuları;112124
2014;4;Buca ve Sarnıç Kuyuları;0
2014;4;Gördes Barajı;2337162
2014;4;Alaçatı Kutlu Aktaş Barajı;448445
2014;3;Alaçatı Kutlu Aktaş Barajı;0
2014;3;Gördes Barajı;2433788
2014;3;Buca ve Sarnıç Kuyuları;0
2014;3;Pınarbaşı Kuyuları;115062
2014;3;Halkapınar Kuyuları;2624660
2014;3;Menemen - Çavuşköy Kuyuları;1316018
2014;3;Sarıkız Kuyuları;0
2014;3;Güzelhisar Barajı;172481
2014;3;Ürkmez Barajı;120289
2014;3;Balçova Barajı;164143
2014;3;Tahtalı Barajı;5224000
2014;3;Göksu Kuyuları;3181467
2014;2;Göksu Kuyuları;2734711
2014;2;Tahtalı Barajı;4532900
2014;2;Balçova Barajı;511132
2014;2;Ürkmez Barajı;102599
2014;2;Güzelhisar Barajı;96350
2014;2;Sarıkız Kuyuları;0
2014;2;Menemen - Çavuşköy Kuyuları;1088900
2014;2;Halkapınar Kuyuları;2418987
2014;2;Pınarbaşı Kuyuları;97866
2014;2;Buca ve Sarnıç Kuyuları;0
2014;2;Gördes Barajı;2195366
2014;2;Alaçatı Kutlu Aktaş Barajı;0
2014;1;Alaçatı Kutlu Aktaş Barajı;0
2014;1;Gördes Barajı;2419290
2014;1;Buca ve Sarnıç Kuyuları;0
2014;1;Halkapınar Kuyuları;2693941
2014;1;Pınarbaşı Kuyuları;113371
2014;1;Menemen - Çavuşköy Kuyuları;1054400
2014;1;Sarıkız Kuyuları;0
2014;1;Ürkmez Barajı;123465
2014;1;Güzelhisar Barajı;159990
2014;1;Balçova Barajı;256844
2014;1;Tahtalı Barajı;5308900
2014;1;Göksu Kuyuları;3137469
2013;12;Buca ve Sarnıç Kuyuları;0
2013;12;Gördes Barajı;2426167
2013;12;Halkapınar Kuyuları;2721500
2013;12;Pınarbaşı Kuyuları;115815
2013;12;Tahtalı Barajı;5197100
2013;12;Balçova Barajı;33410
2013;12;Ürkmez Barajı;136368
2013;12;Güzelhisar Barajı;157721
2013;12;Sarıkız Kuyuları;0
2013;12;Menemen - Çavuşköy Kuyuları;1375900
2013;12;Göksu Kuyuları;3134231
2013;11;Göksu Kuyuları;2942086
2013;11;Sarıkız Kuyuları;0
2013;11;Güzelhisar Barajı;131199
2013;11;Ürkmez Barajı;137399
2013;11;Balçova Barajı;0
2013;11;Tahtalı Barajı;5408400
2013;11;Pınarbaşı Kuyuları;121016
2013;11;Halkapınar Kuyuları;2625298
2013;11;Menemen - Çavuşköy Kuyuları;1354700
2013;11;Gördes Barajı;2395249
2013;11;Buca ve Sarnıç Kuyuları;0
2013;10;Buca ve Sarnıç Kuyuları;0
2013;10;Gördes Barajı;2493613
2013;10;Halkapınar Kuyuları;2761226
2013;10;Pınarbaşı Kuyuları;128760
2013;10;Tahtalı Barajı;5898300
2013;10;Balçova Barajı;0
2013;10;Ürkmez Barajı;146303
2013;10;Güzelhisar Barajı;138818
2013;10;Sarıkız Kuyuları;0
2013;10;Menemen - Çavuşköy Kuyuları;1408100
2013;10;Göksu Kuyuları;3227618
2013;9;Göksu Kuyuları;4040814
2013;9;Menemen - Çavuşköy Kuyuları;1334200
2013;9;Sarıkız Kuyuları;0
2013;9;Güzelhisar Barajı;154962
2013;9;Ürkmez Barajı;180218
2013;9;Balçova Barajı;423332
2013;9;Tahtalı Barajı;5666900
2013;9;Pınarbaşı Kuyuları;125098
2013;9;Halkapınar Kuyuları;2786037
2013;9;Gördes Barajı;2443920
2013;9;Buca ve Sarnıç Kuyuları;0
2013;8;Gördes Barajı;1487065
2013;8;Halkapınar Kuyuları;2889037
2013;8;Pınarbaşı Kuyuları;127805
2013;8;Buca ve Sarnıç Kuyuları;34891
2013;8;Balçova Barajı;469406
2013;8;Ürkmez Barajı;242469
2013;8;Güzelhisar Barajı;164603
2013;8;Sarıkız Kuyuları;0
2013;8;Menemen - Çavuşköy Kuyuları;1402952
2013;8;Göksu Kuyuları;4217974
2013;8;Tahtalı Barajı;7193200
2013;7;Tahtalı Barajı;6573500
2013;7;Göksu Kuyuları;5522511
2013;7;Menemen - Çavuşköy Kuyuları;1408092
2013;7;Sarıkız Kuyuları;0
2013;7;Güzelhisar Barajı;163077
2013;7;Ürkmez Barajı;247701
2013;7;Balçova Barajı;1047388
2013;7;Buca ve Sarnıç Kuyuları;73592
2013;7;Pınarbaşı Kuyuları;128215
2013;7;Halkapınar Kuyuları;2938356
2013;7;Gördes Barajı;0
2013;6;Gördes Barajı;2161486
2013;6;Halkapınar Kuyuları;2797957
2013;6;Pınarbaşı Kuyuları;112169
2013;6;Buca ve Sarnıç Kuyuları;81571
2013;6;Balçova Barajı;1166352
2013;6;Ürkmez Barajı;213124
2013;6;Güzelhisar Barajı;154820
2013;6;Sarıkız Kuyuları;0
2013;6;Menemen - Çavuşköy Kuyuları;1409531
2013;6;Göksu Kuyuları;2794168
2013;6;Tahtalı Barajı;6061500
2013;5;Tahtalı Barajı;5483200
2013;5;Göksu Kuyuları;2623041
2013;5;Menemen - Çavuşköy Kuyuları;1178348
2013;5;Sarıkız Kuyuları;0
2013;5;Güzelhisar Barajı;155545
2013;5;Ürkmez Barajı;174440
2013;5;Balçova Barajı;925963
2013;5;Buca ve Sarnıç Kuyuları;85730
2013;5;Pınarbaşı Kuyuları;112829
2013;5;Halkapınar Kuyuları;2899441
2013;5;Gördes Barajı;2845846
2013;4;Gördes Barajı;2749291
2013;4;Halkapınar Kuyuları;2913696
2013;4;Pınarbaşı Kuyuları;113384
2013;4;Buca ve Sarnıç Kuyuları;81852
2013;4;Balçova Barajı;702157
2013;4;Ürkmez Barajı;132202
2013;4;Güzelhisar Barajı;145145
2013;4;Sarıkız Kuyuları;0
2013;4;Menemen - Çavuşköy Kuyuları;847213
2013;4;Tahtalı Barajı;4839100
2013;4;Göksu Kuyuları;2435926
2013;3;Göksu Kuyuları;2867751
2013;3;Tahtalı Barajı;4958100
2013;3;Menemen - Çavuşköy Kuyuları;897616
2013;3;Sarıkız Kuyuları;0
2013;3;Güzelhisar Barajı;134250
2013;3;Ürkmez Barajı;128681
2013;3;Balçova Barajı;142380
2013;3;Buca ve Sarnıç Kuyuları;76143
2013;3;Pınarbaşı Kuyuları;114528
2013;3;Halkapınar Kuyuları;2940546
2013;3;Gördes Barajı;2793325
2013;2;Gördes Barajı;2567822
2013;2;Halkapınar Kuyuları;2489811
2013;2;Pınarbaşı Kuyuları;104587
2013;2;Buca ve Sarnıç Kuyuları;82230
2013;2;Balçova Barajı;0
2013;2;Ürkmez Barajı;114270
2013;2;Güzelhisar Barajı;111425
2013;2;Sarıkız Kuyuları;0
2013;2;Menemen - Çavuşköy Kuyuları;1036676
2013;2;Tahtalı Barajı;4463900
2013;2;Göksu Kuyuları;2577702
2013;1;Göksu Kuyuları;3052490
2013;1;Tahtalı Barajı;4841700
2013;1;Menemen - Çavuşköy Kuyuları;1398942
2013;1;Halkapınar Kuyuları;2536544
2013;1;Sarıkız Kuyuları;0
2013;1;Güzelhisar Barajı;132515
2013;1;Balçova Barajı;0
2013;1;Ürkmez Barajı;142087
2013;1;Buca ve Sarnıç Kuyuları;84005
2013;1;Pınarbaşı Kuyuları;122397
2013;1;Gördes Barajı;2793470
2012;12;Buca ve Sarnıç Kuyuları;74288
2012;12;Menemen - Çavuşköy Kuyuları;1461731
2012;12;Halkapınar Kuyuları;2588236
2012;12;Pınarbaşı Kuyuları;117913
2012;12;Göksu Kuyuları;4440874
2012;12;Tahtalı Barajı;4569800
2012;12;Balçova Barajı;0
2012;12;Ürkmez Barajı;135307
2012;12;Sarıkız Kuyuları;0
2012;12;Gördes Barajı;1466239
2012;11;Sarıkız Kuyuları;0
2012;11;Ürkmez Barajı;113565
2012;11;Balçova Barajı;190050
2012;11;Tahtalı Barajı;4611900
2012;11;Göksu Kuyuları;3061146
2012;11;Gördes Barajı;2759628
2012;11;Halkapınar Kuyuları;2466739
2012;11;Menemen - Çavuşköy Kuyuları;1362226
2012;11;Buca ve Sarnıç Kuyuları;69256
2012;11;Pınarbaşı Kuyuları;113551
2012;10;Buca ve Sarnıç Kuyuları;72879
2012;10;Menemen - Çavuşköy Kuyuları;1379557
2012;10;Halkapınar Kuyuları;2503109
2012;10;Pınarbaşı Kuyuları;119005
2012;10;Göksu Kuyuları;4130252
2012;10;Tahtalı Barajı;4835500
2012;10;Balçova Barajı;604688
2012;10;Ürkmez Barajı;144040
2012;10;Sarıkız Kuyuları;0
2012;10;Gördes Barajı;2847075
2012;9;Gördes Barajı;2865426
2012;9;Sarıkız Kuyuları;0
2012;9;Ürkmez Barajı;155834
2012;9;Balçova Barajı;531666
2012;9;Tahtalı Barajı;5635000
2012;9;Göksu Kuyuları;3528226
2012;9;Pınarbaşı Kuyuları;118272
2012;9;Halkapınar Kuyuları;2497983
2012;9;Menemen - Çavuşköy Kuyuları;1390287
2012;9;Buca ve Sarnıç Kuyuları;68028
2012;8;Buca ve Sarnıç Kuyuları;77425
2012;8;Menemen - Çavuşköy Kuyuları;1382856
2012;8;Halkapınar Kuyuları;2560278
2012;8;Pınarbaşı Kuyuları;128283
2012;8;Göksu Kuyuları;2971425
2012;8;Tahtalı Barajı;7205800
2012;8;Balçova Barajı;712202
2012;8;Ürkmez Barajı;222978
2012;8;Sarıkız Kuyuları;326688
2012;8;Gördes Barajı;2632551
2012;7;Gördes Barajı;1247519
2012;7;Sarıkız Kuyuları;1138720
2012;7;Ürkmez Barajı;237598
2012;7;Balçova Barajı;785202
2012;7;Tahtalı Barajı;7594500
2012;7;Göksu Kuyuları;2906506
2012;7;Pınarbaşı Kuyuları;129978
2012;7;Halkapınar Kuyuları;2737324
2012;7;Menemen - Çavuşköy Kuyuları;1462490
2012;7;Buca ve Sarnıç Kuyuları;76543
2012;6;Buca ve Sarnıç Kuyuları;89798
2012;6;Menemen - Çavuşköy Kuyuları;1433595
2012;6;Halkapınar Kuyuları;2663855
2012;6;Pınarbaşı Kuyuları;126978
2012;6;Göksu Kuyuları;3132486
2012;6;Tahtalı Barajı;6559100
2012;6;Balçova Barajı;786962
2012;6;Ürkmez Barajı;178414
2012;6;Sarıkız Kuyuları;1177004
2012;6;Gördes Barajı;944810
2012;5;Gördes Barajı;0
2012;5;Sarıkız Kuyuları;1755515
2012;5;Ürkmez Barajı;117333
2012;5;Balçova Barajı;672340
2012;5;Tahtalı Barajı;5562000
2012;5;Göksu Kuyuları;3456191
2012;5;Pınarbaşı Kuyuları;115707
2012;5;Halkapınar Kuyuları;2707080
2012;5;Menemen - Çavuşköy Kuyuları;1487407
2012;5;Buca ve Sarnıç Kuyuları;90130
2012;4;Buca ve Sarnıç Kuyuları;110107
2012;4;Halkapınar Kuyuları;2743426
2012;4;Pınarbaşı Kuyuları;102919
2012;4;Göksu Kuyuları;3536044
2012;4;Tahtalı Barajı;5244800
2012;4;Balçova Barajı;426552
2012;4;Ürkmez Barajı;105061
2012;4;Sarıkız Kuyuları;1680700
2012;4;Menemen - Çavuşköy Kuyuları;1395397
2012;4;Gördes Barajı;0
2012;3;Gördes Barajı;0
2012;3;Menemen - Çavuşköy Kuyuları;1435543
2012;3;Sarıkız Kuyuları;1765428
2012;3;Ürkmez Barajı;96933
2012;3;Balçova Barajı;399371
2012;3;Tahtalı Barajı;4865100
2012;3;Göksu Kuyuları;3795240
2012;3;Pınarbaşı Kuyuları;108918
2012;3;Halkapınar Kuyuları;2693203
2012;3;Buca ve Sarnıç Kuyuları;101258
2012;2;Buca ve Sarnıç Kuyuları;83639
2012;2;Halkapınar Kuyuları;2494962
2012;2;Pınarbaşı Kuyuları;110024
2012;2;Göksu Kuyuları;3491322
2012;2;Tahtalı Barajı;4816400
2012;2;Balçova Barajı;97142
2012;2;Ürkmez Barajı;90062
2012;2;Sarıkız Kuyuları;1568500
2012;2;Menemen - Çavuşköy Kuyuları;1405283
2012;2;Gördes Barajı;0
2012;1;Gördes Barajı;0
2012;1;Göksu Kuyuları;4109870
2012;1;Menemen - Çavuşköy Kuyuları;1506900
2012;1;Ürkmez Barajı;108031
2012;1;Sarıkız Kuyuları;1655853
2012;1;Balçova Barajı;37220
2012;1;Tahtalı Barajı;4836400
2012;1;Pınarbaşı Kuyuları;117192
2012;1;Buca ve Sarnıç Kuyuları;77592
2012;1;Halkapınar Kuyuları;2472514
2011;12;Buca ve Sarnıç Kuyuları;84072
2011;12;Pınarbaşı Kuyuları;111797
2011;12;Sarıkız Kuyuları;1834952
2011;12;Menemen - Çavuşköy Kuyuları;1597464
2011;12;Halkapınar Kuyuları;2497260
2011;12;Göksu Kuyuları;4135890
2011;12;Tahtalı Barajı;4838600
2011;12;Balçova Barajı;0
2011;12;Ürkmez Barajı;102492
2011;12;Güzelhisar Barajı;0
2011;12;Gördes Barajı;0
2011;11;Gördes Barajı;0
2011;11;Güzelhisar Barajı;0
2011;11;Ürkmez Barajı;0
2011;11;Balçova Barajı;188108
2011;11;Tahtalı Barajı;4775400
2011;11;Göksu Kuyuları;4205562
2011;11;Halkapınar Kuyuları;2368628
2011;11;Menemen - Çavuşköy Kuyuları;1509490
2011;11;Sarıkız Kuyuları;1773194
2011;11;Pınarbaşı Kuyuları;115781
2011;11;Buca ve Sarnıç Kuyuları;70071
2011;10;Buca ve Sarnıç Kuyuları;78968
2011;10;Pınarbaşı Kuyuları;125172
2011;10;Sarıkız Kuyuları;399607
2011;10;Menemen - Çavuşköy Kuyuları;1606022
2011;10;Halkapınar Kuyuları;2611259
2011;10;Göksu Kuyuları;3175840
2011;10;Tahtalı Barajı;5730700
2011;10;Balçova Barajı;193736
2011;10;Ürkmez Barajı;131293
2011;10;Güzelhisar Barajı;0
2011;10;Gördes Barajı;1923845
2011;9;Gördes Barajı;969694
2011;9;Güzelhisar Barajı;0
2011;9;Ürkmez Barajı;0
2011;9;Balçova Barajı;605233
2011;9;Tahtalı Barajı;6662000
2011;9;Göksu Kuyuları;4079120
2011;9;Halkapınar Kuyuları;2614414
2011;9;Menemen - Çavuşköy Kuyuları;1539785
2011;9;Sarıkız Kuyuları;51840
2011;9;Pınarbaşı Kuyuları;124117
2011;9;Buca ve Sarnıç Kuyuları;74957
2011;8;Pınarbaşı Kuyuları;129302
2011;8;Buca ve Sarnıç Kuyuları;73073
2011;8;Menemen - Çavuşköy Kuyuları;1499293
2011;8;Halkapınar Kuyuları;2730169
2011;8;Göksu Kuyuları;4745803
2011;8;Tahtalı Barajı;7016000
2011;8;Balçova Barajı;929789
2011;8;Ürkmez Barajı;0
2011;8;Güzelhisar Barajı;0
2011;8;Sarıkız Kuyuları;53568
2011;8;Gördes Barajı;852905
2011;7;Gördes Barajı;3558915
2011;7;Sarıkız Kuyuları;53568
2011;7;Güzelhisar Barajı;0
2011;7;Ürkmez Barajı;0
2011;7;Balçova Barajı;1023851
2011;7;Tahtalı Barajı;5164700
2011;7;Göksu Kuyuları;3627850
2011;7;Halkapınar Kuyuları;2865515
2011;7;Menemen - Çavuşköy Kuyuları;1314469
2011;7;Buca ve Sarnıç Kuyuları;77255
2011;7;Pınarbaşı Kuyuları;127737
2011;6;Pınarbaşı Kuyuları;119536
2011;6;Buca ve Sarnıç Kuyuları;80364
2011;6;Menemen - Çavuşköy Kuyuları;1175577
2011;6;Halkapınar Kuyuları;2500033
2011;6;Göksu Kuyuları;2146817
2011;6;Tahtalı Barajı;6434950
2011;6;Balçova Barajı;727909
2011;6;Ürkmez Barajı;0
2011;6;Güzelhisar Barajı;0
2011;6;Sarıkız Kuyuları;51840
2011;6;Gördes Barajı;3490966
2011;5;Gördes Barajı;924432
2011;5;Sarıkız Kuyuları;1337300
2011;5;Güzelhisar Barajı;0
2011;5;Ürkmez Barajı;0
2011;5;Balçova Barajı;948180
2011;5;Tahtalı Barajı;5324500
2011;5;Göksu Kuyuları;3567468
2011;5;Halkapınar Kuyuları;2837044
2011;5;Menemen - Çavuşköy Kuyuları;1121260
2011;5;Buca ve Sarnıç Kuyuları;89141
2011;5;Pınarbaşı Kuyuları;112856
2011;4;Buca ve Sarnıç Kuyuları;85405
2011;4;Menemen - Çavuşköy Kuyuları;1006079
2011;4;Halkapınar Kuyuları;2822751
2011;4;Pınarbaşı Kuyuları;109133
2011;4;Tahtalı Barajı;4915400
2011;4;Balçova Barajı;360999
2011;4;Ürkmez Barajı;0
2011;4;Güzelhisar Barajı;0
2011;4;Sarıkız Kuyuları;1698253
2011;4;Gördes Barajı;0
2011;4;Göksu Kuyuları;3697181
2011;3;Göksu Kuyuları;3933607
2011;3;Gördes Barajı;0
2011;3;Sarıkız Kuyuları;1850009
2011;3;Güzelhisar Barajı;0
2011;3;Ürkmez Barajı;0
2011;3;Balçova Barajı;442297
2011;3;Tahtalı Barajı;5278100
2011;3;Pınarbaşı Kuyuları;111016
2011;3;Halkapınar Kuyuları;2811853
2011;3;Menemen - Çavuşköy Kuyuları;939880
2011;3;Buca ve Sarnıç Kuyuları;74186
2011;2;Buca ve Sarnıç Kuyuları;64060
2011;2;Menemen - Çavuşköy Kuyuları;1465528
2011;2;Halkapınar Kuyuları;2526331
2011;2;Pınarbaşı Kuyuları;98999
2011;2;Tahtalı Barajı;5177500
2011;2;Balçova Barajı;371873
2011;2;Ürkmez Barajı;0
2011;2;Güzelhisar Barajı;0
2011;2;Sarıkız Kuyuları;1278647
2011;2;Gördes Barajı;0
2011;2;Göksu Kuyuları;2882680
2011;1;Göksu Kuyuları;3785420
2011;1;Gördes Barajı;0
2011;1;Sarıkız Kuyuları;1874961
2011;1;Güzelhisar Barajı;0
2011;1;Balçova Barajı;274201
2011;1;Ürkmez Barajı;0
2011;1;Tahtalı Barajı;4930400
2011;1;Pınarbaşı Kuyuları;110403
2011;1;Menemen - Çavuşköy Kuyuları;1346328
2011;1;Halkapınar Kuyuları;2613066
2011;1;Buca ve Sarnıç Kuyuları;69187
2010;12;Pınarbaşı Kuyuları;112513
2010;12;Buca ve Sarnıç Kuyuları;73508
2010;12;Menemen - Çavuşköy Kuyuları;1556903
2010;12;Halkapınar Kuyuları;2734349
2010;12;Tahtalı Barajı;5053200
2010;12;Balçova Barajı;100115
2010;12;Ürkmez Barajı;0
2010;12;Güzelhisar Barajı;0
2010;12;Sarıkız Kuyuları;1798232
2010;12;Göksu Kuyuları;3670986
2010;11;Sarıkız Kuyuları;1739599
2010;11;Güzelhisar Barajı;0
2010;11;Ürkmez Barajı;121551
2010;11;Balçova Barajı;0
2010;11;Tahtalı Barajı;5502700
2010;11;Halkapınar Kuyuları;2612132
2010;11;Menemen - Çavuşköy Kuyuları;1513179
2010;11;Göksu Kuyuları;3505777
2010;11;Buca ve Sarnıç Kuyuları;70643
2010;11;Pınarbaşı Kuyuları;111334
2010;10;Pınarbaşı Kuyuları;129641
2010;10;Buca ve Sarnıç Kuyuları;76989
2010;10;Menemen - Çavuşköy Kuyuları;1547483
2010;10;Halkapınar Kuyuları;2729338
2010;10;Tahtalı Barajı;6074900
2010;10;Balçova Barajı;0
2010;10;Ürkmez Barajı;121177
2010;10;Güzelhisar Barajı;0
2010;10;Sarıkız Kuyuları;1782198
2010;10;Göksu Kuyuları;3766168
2010;9;Göksu Kuyuları;3809957
2010;9;Sarıkız Kuyuları;1652744
2010;9;Güzelhisar Barajı;0
2010;9;Ürkmez Barajı;158436
2010;9;Balçova Barajı;161517
2010;9;Tahtalı Barajı;6876800
2010;9;Halkapınar Kuyuları;2518158
2010;9;Menemen - Çavuşköy Kuyuları;1500497
2010;9;Buca ve Sarnıç Kuyuları;67959
2010;9;Pınarbaşı Kuyuları;127035
2010;8;Buca ve Sarnıç Kuyuları;70519
2010;8;Menemen - Çavuşköy Kuyuları;1351636
2010;8;Halkapınar Kuyuları;2768321
2010;8;Pınarbaşı Kuyuları;131042
2010;8;Balçova Barajı;1307414
2010;8;Ürkmez Barajı;217831
2010;8;Güzelhisar Barajı;0
2010;8;Sarıkız Kuyuları;1808305
2010;8;Göksu Kuyuları;3768557
2010;8;Tahtalı Barajı;7140500
2010;7;Tahtalı Barajı;6794100
2010;7;Göksu Kuyuları;3634099
2010;7;Sarıkız Kuyuları;1796275
2010;7;Güzelhisar Barajı;0
2010;7;Ürkmez Barajı;232985
2010;7;Balçova Barajı;1539118
2010;7;Pınarbaşı Kuyuları;130712
2010;7;Halkapınar Kuyuları;2844045
2010;7;Menemen - Çavuşköy Kuyuları;871503
2010;7;Buca ve Sarnıç Kuyuları;64996
2010;6;Buca ve Sarnıç Kuyuları;67377
2010;6;Menemen - Çavuşköy Kuyuları;1097034
2010;6;Halkapınar Kuyuları;2686598
2010;6;Pınarbaşı Kuyuları;114106
2010;6;Balçova Barajı;1131037
2010;6;Ürkmez Barajı;0
2010;6;Güzelhisar Barajı;0
2010;6;Sarıkız Kuyuları;1644212
2010;6;Göksu Kuyuları;3522826
2010;6;Tahtalı Barajı;5892900
2010;5;Tahtalı Barajı;5533900
2010;5;Göksu Kuyuları;3784826
2010;5;Sarıkız Kuyuları;1748246
2010;5;Güzelhisar Barajı;0
2010;5;Ürkmez Barajı;136588
2010;5;Balçova Barajı;639203
2010;5;Pınarbaşı Kuyuları;113371
2010;5;Halkapınar Kuyuları;2923403
2010;5;Menemen - Çavuşköy Kuyuları;1527954
2010;5;Buca ve Sarnıç Kuyuları;77763
2010;4;Buca ve Sarnıç Kuyuları;137247
2010;4;Menemen - Çavuşköy Kuyuları;1379221
2010;4;Halkapınar Kuyuları;2824036
2010;4;Pınarbaşı Kuyuları;105631
2010;4;Balçova Barajı;182065
2010;4;Ürkmez Barajı;118593
2010;4;Güzelhisar Barajı;139422
2010;4;Sarıkız Kuyuları;1503221
2010;4;Göksu Kuyuları;3694450
2010;4;Tahtalı Barajı;4795100
2010;3;Tahtalı Barajı;4749700
2010;3;Göksu Kuyuları;3377731
2010;3;Sarıkız Kuyuları;1660472
2010;3;Güzelhisar Barajı;748600
2010;3;Ürkmez Barajı;126425
2010;3;Balçova Barajı;10070
2010;3;Pınarbaşı Kuyuları;106894
2010;3;Halkapınar Kuyuları;2993991
2010;3;Menemen - Çavuşköy Kuyuları;954617
2010;3;Buca ve Sarnıç Kuyuları;153933
2010;2;Buca ve Sarnıç Kuyuları;118943
2010;2;Menemen - Çavuşköy Kuyuları;772958
2010;2;Halkapınar Kuyuları;2505111
2010;2;Pınarbaşı Kuyuları;87430
2010;2;Balçova Barajı;0
2010;2;Ürkmez Barajı;118751
2010;2;Güzelhisar Barajı;307339
2010;2;Sarıkız Kuyuları;1809254
2010;2;Göksu Kuyuları;3103714
2010;2;Tahtalı Barajı;4403500
2010;1;Tahtalı Barajı;4818200
2010;1;Göksu Kuyuları;3238970
2010;1;Menemen - Çavuşköy Kuyuları;934725
2010;1;Sarıkız Kuyuları;2191118
2010;1;Güzelhisar Barajı;804639
2010;1;Balçova Barajı;4358
2010;1;Ürkmez Barajı;98190
2010;1;Pınarbaşı Kuyuları;105082
2010;1;Halkapınar Kuyuları;2453238
2010;1;Buca ve Sarnıç Kuyuları;121861
2009;12;Göksu Kuyuları;3639067
2009;12;Buca ve Sarnıç Kuyuları;157089
2009;12;Menemen - Çavuşköy Kuyuları;1584233
2009;12;Halkapınar Kuyuları;2515030
2009;12;Pınarbaşı Kuyuları;104886
2009;12;Tahtalı Barajı;4731900
2009;12;Balçova Barajı;39424
2009;12;Ürkmez Barajı;0
2009;12;Güzelhisar Barajı;0
2009;12;Sarıkız Kuyuları;1916656
2009;11;Sarıkız Kuyuları;1692547
2009;11;Güzelhisar Barajı;0
2009;11;Ürkmez Barajı;0
2009;11;Balçova Barajı;109205
2009;11;Tahtalı Barajı;4687600
2009;11;Halkapınar Kuyuları;2548043
2009;11;Menemen - Çavuşköy Kuyuları;1476948
2009;11;Buca ve Sarnıç Kuyuları;148083
2009;11;Pınarbaşı Kuyuları;93022
2009;11;Göksu Kuyuları;3790914
2009;10;Göksu Kuyuları;4123176
2009;10;Buca ve Sarnıç Kuyuları;141559
2009;10;Menemen - Çavuşköy Kuyuları;1598705
2009;10;Halkapınar Kuyuları;2648905
2009;10;Pınarbaşı Kuyuları;109277
2009;10;Tahtalı Barajı;4977900
2009;10;Balçova Barajı;4909
2009;10;Ürkmez Barajı;0
2009;10;Güzelhisar Barajı;0
2009;10;Sarıkız Kuyuları;1881008
2009;9;Sarıkız Kuyuları;1840233
2009;9;Güzelhisar Barajı;0
2009;9;Ürkmez Barajı;0
2009;9;Balçova Barajı;111696
2009;9;Tahtalı Barajı;5886700
2009;9;Pınarbaşı Kuyuları;105808
2009;9;Halkapınar Kuyuları;2469294
2009;9;Menemen - Çavuşköy Kuyuları;1559914
2009;9;Buca ve Sarnıç Kuyuları;135818
2009;9;Göksu Kuyuları;3582131
2009;8;Göksu Kuyuları;3607675
2009;8;Buca ve Sarnıç Kuyuları;126276
2009;8;Menemen - Çavuşköy Kuyuları;1599914
2009;8;Halkapınar Kuyuları;2766240
2009;8;Pınarbaşı Kuyuları;121131
2009;8;Tahtalı Barajı;5895600
2009;8;Balçova Barajı;669950
2009;8;Ürkmez Barajı;0
2009;8;Güzelhisar Barajı;0
2009;8;Sarıkız Kuyuları;1986240
2009;7;Sarıkız Kuyuları;1885925
2009;7;Güzelhisar Barajı;0
2009;7;Ürkmez Barajı;0
2009;7;Balçova Barajı;629394
2009;7;Tahtalı Barajı;7447900
2009;7;Pınarbaşı Kuyuları;117643
2009;7;Halkapınar Kuyuları;2691173
2009;7;Menemen - Çavuşköy Kuyuları;1608920
2009;7;Buca ve Sarnıç Kuyuları;152202
2009;7;Göksu Kuyuları;2525681
2009;6;Göksu Kuyuları;3539107
2009;6;Buca ve Sarnıç Kuyuları;158108
2009;6;Menemen - Çavuşköy Kuyuları;1478551
2009;6;Halkapınar Kuyuları;2535316
2009;6;Pınarbaşı Kuyuları;111146
2009;6;Tahtalı Barajı;5640300
2009;6;Balçova Barajı;1222626
2009;6;Ürkmez Barajı;0
2009;6;Güzelhisar Barajı;54225
2009;6;Sarıkız Kuyuları;1800207
2009;5;Sarıkız Kuyuları;1212164
2009;5;Güzelhisar Barajı;255985
2009;5;Ürkmez Barajı;0
2009;5;Balçova Barajı;1268069
2009;5;Tahtalı Barajı;5104100
2009;5;Pınarbaşı Kuyuları;96674
2009;5;Halkapınar Kuyuları;2278400
2009;5;Menemen - Çavuşköy Kuyuları;1490938
2009;5;Buca ve Sarnıç Kuyuları;148676
2009;5;Göksu Kuyuları;4145575
2009;4;Buca ve Sarnıç Kuyuları;106335
2009;4;Göksu Kuyuları;3818139
2009;4;Halkapınar Kuyuları;2221450
2009;4;Pınarbaşı Kuyuları;51783
2009;4;Tahtalı Barajı;4145700
2009;4;Balçova Barajı;1019625
2009;4;Ürkmez Barajı;0
2009;4;Güzelhisar Barajı;302443
2009;4;Sarıkız Kuyuları;1444816
2009;4;Menemen - Çavuşköy Kuyuları;1470802
2009;3;Menemen - Çavuşköy Kuyuları;1305826
2009;3;Sarıkız Kuyuları;1469919
2009;3;Güzelhisar Barajı;731830
2009;3;Ürkmez Barajı;0
2009;3;Balçova Barajı;15918
2009;3;Tahtalı Barajı;4366800
2009;3;Pınarbaşı Kuyuları;70821
2009;3;Halkapınar Kuyuları;2494577
2009;3;Göksu Kuyuları;4332965
2009;3;Buca ve Sarnıç Kuyuları;134319
2009;2;Buca ve Sarnıç Kuyuları;156992
2009;2;Göksu Kuyuları;3780932
2009;2;Halkapınar Kuyuları;2232508
2009;2;Pınarbaşı Kuyuları;73645
2009;2;Tahtalı Barajı;4783100
2009;2;Balçova Barajı;0
2009;2;Ürkmez Barajı;0
2009;2;Güzelhisar Barajı;193739
2009;2;Sarıkız Kuyuları;1243359
2009;2;Menemen - Çavuşköy Kuyuları;895124
2009;1;Menemen - Çavuşköy Kuyuları;1715238
2009;1;Güzelhisar Barajı;0
2009;1;Sarıkız Kuyuları;1157347
2009;1;Ürkmez Barajı;0
2009;1;Balçova Barajı;0
2009;1;Tahtalı Barajı;3810700
2009;1;Pınarbaşı Kuyuları;72952
2009;1;Buca ve Sarnıç Kuyuları;187550
2009;1;Halkapınar Kuyuları;2957437
2009;1;Göksu Kuyuları;4933243
